{
  "version": 1,
  "objects": [
    {
      "id": 0,
      "type": "cylinder",
      "seed": {
        "center": [
          1.0014714002609253,
          2.0618560314178467,
          -0.03909662738442421
        ],
        "radius": 0.25,
        "point_count": 397
      },
      "params": {
        "axis_point": [
          1.069225134499225,
          1.9661005840760444,
          -0.15064678884179855
        ],
        "axis_direction": [
          -0.08136490057680813,
          0.09468377078988041,
          0.9921767667624231
        ],
        "radius": 0.12251586046199772,
        "diameter": 0.24503172092399544,
        "length": 1.2989186612731147,
        "end_center_0": [
          1.122068328365149,
          1.9046073256767033,
          -0.7950252476564654
        ],
        "end_center_1": [
          1.016381940633301,
          2.0275938424753854,
          0.4937316699728684
        ]
      },
      "quality": {
        "inlier_count": 1048,
        "residual_median": 0.009044391488096888,
        "residual_mad": 0.006319115292745106,
        "stop_reason": "",
        "candidate_count": 1049,
        "score": 1048.0
      },
      "stop_reason": "",
      "color": [
        0.38318469670448096,
        0.4233679408899383,
        0.28266386307665
      ],
      "proxy": {
        "axis_point": [
          1.0686085630507889,
          1.9733211876490273,
          -0.0226489867247045
        ],
        "axis_direction": [
          -0.03647509725447001,
          0.12898455472891945,
          0.9909755556630342
        ],
        "radius": 0.11926415929067838,
        "diameter": 0.23852831858135676,
        "length": 0.5242749258340584,
        "end_center_0": [
          1.0781700525047275,
          1.9395095037169057,
          -0.28242080469900555
        ],
        "end_center_1": [
          1.0590470735968502,
          2.007132871581149,
          0.23712283124959654
        ]
      }
    }
  ]
}